{
  "wandb": {
    "config": {
      "project": "VBPNet",
      "entity": "paperchae",
      "learning_rate": 0.01,
      "weight_decay": 0.005,
      "epochs": 200,
      "batch_size": 64
    }
  },
  "parameters": {
    "models": ["VBPNet", "Unet"],
    "cases": {
      "Total": [2,"T+D"],
      "Trend": [1,"T"],
      "Detail": [0,"D"]
    },
    "root_path": "/home/paperc/PycharmProjects/dataset/",
    "save_path": "/home/paperc/PycharmProjects/Pytorch_rppgs/vid2bp/weights/",
    "model_path": "/home/paperc/PycharmProjects/Pytorch_rppgs/vid2bp/weights/",
    "dataset_path": {
      "mimic": ["mimic-database-1.0.0/", "BPNet_mimic/", "BPNet_mimiciii/"],
      "uci": ["uci-database/", "BPNet_uci/"],
      "uci_unet": ["uci-database/", "Unet_uci/"]
    },
    "in_channels": {
      "P": [1, "P", [0]],
      "V": [1, "V", [1]],
      "A": [1, "A", [2]],
      "PV": [2, "P+V", [0,1]],
      "PA": [2, "P+A", [0,2]],
      "VA": [2, "V+A", [1,2]],
      "PVA": [3, "P+V+A", [0,1,2]]
    },
    "gender": {
      "Total": [0, "Total"],
      "Male": [1, "Male"],
      "Female": [2, "Female"]
    },
    "out_channels": 128,
    "chunk_size": 750,
    "sampling_rate": {
      "base": 125,
      "30": 30,
      "60": 60,
      "120": 120
    },
    "train_ratio": 0.7,
    "validation_ratio": 0.9
  },
  "hyper_parameters": {
    "learning_rate": 0.001,
    "weight_decay": 0.0005,
    "gamma": 0.99,
    "epochs": 100,
    "batch_size": 256,
    "kernel_size": 3
  },
  "models": {
    "BPNet": {
      "learning_rate": 0.001,
      "weight_decay": 0.0005,
      "gamma": 0.95
    },
    "Unet": {
      "learning_rate": 0.001,
      "weight_decay": 0.0005,
      "gamma": 0.99
    }
  }
}
